@RacingMetro92,
Julien Brugnaut,@labrugne
Andrea Lo Cicero,@andrealocicero1
Juan Pablo Orlandi,@Jpiorlandi
Dimitri Szarzewski,@SzarzewskiDim2
Manuel Carizza,@manuchocarizza
Fabrice Metz,@Metz67190
Antoine Battut,@AntoineBattut
Camille Gerondeau,@CamilleGRDO
Bernard Le Roux,@bernardleroux67
Jacques Cronje,@JacquesCronje8
Maxime Machenaud,@MaximeMachenaud
Olly Barkley,@ollybarkley
Mathieu Belie,@MathieuBELIE
Juan Martin Hernandez,@HERNANDEZJUANI
Guillaume Bousses,@gbousses
Fabrice Estebanez,@Faestebanez
Mirco Bergamasco,@MircoBergamasco
Benjamin Fall,@BenjaminFall
Juan Imhoff,@Imhoffjuan
Julien Jane,@JulienJane
