,@gloucesterrugby
Koree Britton,@KoreeBritton
Alex Brown,@alex_browny
Freddie Burns,@FreddieBurns
Peter Buxton ,@6bucko
Dario Chistolini,@dariochistolini
Jimmy Cowan,@cowan_jimmy
Matt Cox,@coxymatt
Tommaso d'Apice,@Dtomm
Huia Edmonds,@HuiaEdmonds
Gareth Evans,@Gs_Evans
Jim Hamilton,@jimhamilton4
Rupert Harden,@RupertHarden
Andy Hazell,@andyhazell
Shaun Knight,@Shaunkn1ght
Dave Lewis,@daveylewis89
Ryan Mills,@Ryan_Millzy
Shane Monahan,@themainmanmono
Ben Morgan,@Ben_J_Morgan8
Olly Morgan,@ollymorgs
Dan Murphy,@danmurphy2710
Dan Robson,@d_jrobson
Tom Savage,@tc_savage
Charlie Sharples,@CharlieSharples
James Simpson-Daniel,@JSimpsonDaniel
Tim Taylor,@tt_pt
Martyn Thomas,@MartynThomas15
Mike Tindall,@miketindall13
Henry Trinder,@HenryTrinder
Billy Twelvetrees,@Billy_12trees
Nick Wood,@n1ckwood
