,@WaspsRugby
James Bailey,@James14Bailey
Tommy Bell,@_TommyBell
Chris Bell,@_ChrisBell
James Cannon,@James_Cannon5
Elliot Daly,@elliotdaly
Charlie Davies,@charliedavies_9
Tinus Du Plessis,@Gemsbokjagter
James Haskell,@jameshaskell
Ashley Johnson,@ashj1605
Stephen Jones,@SJ10Testimonial
Sam Jones,@SF_Jones
Joe Launchbury,@joe_launch
Tom Lindsay,@TomLindsay2
Andrea Masi,@andrea_masi
Chris Mayor,@ChrisMayor13
Simon McIntyre,@SimonMcIntyre3
Tom Palmer,@TomPalmer79
Tim Payne,@timpayne_1
Nick Robinson,@nickyrobo
Joe Simpson,@joesimpson9
Fabio Staibano,@staibanofabio
Sakaria Taulafo,@S_Taulafo
Will Taylor,@Will_Tayls91
Lewis Thiede,@LewisThiede
T Rhys Thomas,@trhysthomas
Tom Varndell,@Tom_Varndell
Christian Wade,@ChristianWade3
Jack Wallace,@wallace_jw
