,@WorcsWarriors
Jake Abbott,@Jake_Abbott
John Andress,@JANDRESS84
Jonny Arr,@j_arr
Joe Carlisle,@joe_carlisle
Errie Claasens,@ErrieClaassens
Jon Clarke,@jonclarke13
Blair Cowan,@Blair_CowanTC
Josh Drauniniu,@draunj85
Ravai Fatiaki,@RFatiaki
Ollie Frost,@Ollie_frost
Andy Goode,@AndyGoode10
Alex Grove,@AlexGrove
Ollie Hayes,@Ollie2Hayes
Paul Hodgson,@paulhodgson9
Matt Kvesic,@mattkvesic
Josh Matavesi,@joshmatavesi
Rob O'Donnell,@RobODonnell3
Chris Pennell,@chris_pennell
Shaun Perry,@ShaunPerry9
George Porter,@george_porter1
Dean Schofield,@Deanschof
Ed Shervington,@EddShervington
Andy Short,@andyjshort
James Currie,@J_Currie3
Chris Jones,@chrisjonesrugby
