,@THESTORMERS
Gio Aplon,@1GioAplon
Marcel Brache,@brache87
Nizaam Carr,@NizaamCarr
Juan De Jongh,@JuanDeJongh
Dewaldt Duvenage,@dewaldtduvenage
Eben Etzebeth,@EbenEtzebeth
Deon Fourie,@Deonf
Burton Francis,@Bur10nfrancis
Peter Grant,@PeterGrant_
Nic Groom,@nicgroom
Bryan Habana,@BryanHabana
Brok Harris,@brokharris
Steven Kitshoff,@StevenKitshoff
Frans Malherbe,@fransmalherbe
Joe Pietersen,@joepietersen
Louis Schreuder,@LouisSchreuder
Garyï¾ van Aswegen,@GaryvanAswegen
Duane Vermeulen,@duane_vermeulen
Rick Schroeder,@RickySchroeder9
Siyabonga Ntubeni,@skara2ntubeni
